"gene_name","gene_ensembl_id","transcripts.group","transcripts.group_name","transcripts.seqnames","transcripts.start","transcripts.end","transcripts.width","transcripts.strand","transcripts.tx_id","transcripts.tx_biotype","transcripts.gene_name"
"Acvr2a","ENSMUSG00000052155",1,"ENSMUSG00000052155","2",48814109,48903269,89161,"+","ENSMUST00000063886","protein_coding","Acvr2a"
"Acvr2a","ENSMUSG00000052155",1,"ENSMUSG00000052155","2",48890389,48900248,9860,"+","ENSMUST00000156681","processed_transcript","Acvr2a"
"Bmp4","ENSMUSG00000021835",1,"ENSMUSG00000021835","14",46383520,46390669,7150,"-","ENSMUST00000074077","protein_coding","Bmp4"
"Bmp4","ENSMUSG00000021835",1,"ENSMUSG00000021835","14",46383707,46390550,6844,"-","ENSMUST00000100676","protein_coding","Bmp4"
"Bmp4","ENSMUSG00000021835",1,"ENSMUSG00000021835","14",46386996,46390535,3540,"-","ENSMUST00000135408","retained_intron","Bmp4"
"Bmp4","ENSMUSG00000021835",1,"ENSMUSG00000021835","14",46385986,46387304,1319,"-","ENSMUST00000226759","retained_intron","Bmp4"
"Bmpr1a","ENSMUSG00000021796",1,"ENSMUSG00000021796","14",34441106,34503341,62236,"-","ENSMUST00000171343","protein_coding","Bmpr1a"
"Bmpr1a","ENSMUSG00000021796",1,"ENSMUSG00000021796","14",34410734,34502687,91954,"-","ENSMUST00000049005","protein_coding","Bmpr1a"
"Bmpr1a","ENSMUSG00000021796",1,"ENSMUSG00000021796","14",34443933,34502528,58596,"-","ENSMUST00000171551","protein_coding","Bmpr1a"
"Bmpr1a","ENSMUSG00000021796",1,"ENSMUSG00000021796","14",34414486,34460556,46071,"-","ENSMUST00000165280","protein_coding","Bmpr1a"
"Ctnna1","ENSMUSG00000037815",1,"ENSMUSG00000037815","18",35118859,35254779,135921,"+","ENSMUST00000042345","protein_coding","Ctnna1"
"Ctnna1","ENSMUSG00000037815",1,"ENSMUSG00000037815","18",35118883,35175651,56769,"+","ENSMUST00000236571","retained_intron","Ctnna1"
"Ctnna1","ENSMUSG00000037815",1,"ENSMUSG00000037815","18",35118887,35183050,64164,"+","ENSMUST00000236969","retained_intron","Ctnna1"
"Ctnna1","ENSMUSG00000037815",1,"ENSMUSG00000037815","18",35118913,35223524,104612,"+","ENSMUST00000236037","protein_coding","Ctnna1"
"Ctnna1","ENSMUSG00000037815",1,"ENSMUSG00000037815","18",35119442,35174419,54978,"+","ENSMUST00000237154","protein_coding","Ctnna1"
"Ctnna1","ENSMUSG00000037815",1,"ENSMUSG00000037815","18",35152599,35253905,101307,"+","ENSMUST00000237855","nonsense_mediated_decay","Ctnna1"
"Ctnna1","ENSMUSG00000037815",1,"ENSMUSG00000037815","18",35214930,35239470,24541,"+","ENSMUST00000235449","protein_coding","Ctnna1"
"Ctnna1","ENSMUSG00000037815",1,"ENSMUSG00000037815","18",35214956,35223575,8620,"+","ENSMUST00000235269","protein_coding","Ctnna1"
"Ctnna1","ENSMUSG00000037815",1,"ENSMUSG00000037815","18",35249373,35251210,1838,"+","ENSMUST00000238145","retained_intron","Ctnna1"
"Ctnna1","ENSMUSG00000037815",1,"ENSMUSG00000037815","18",35250942,35251737,796,"+","ENSMUST00000236483","retained_intron","Ctnna1"
"Ctnna1","ENSMUSG00000037815",1,"ENSMUSG00000037815","18",35252321,35253719,1399,"+","ENSMUST00000237475","retained_intron","Ctnna1"
"Ctnnb1","ENSMUSG00000006932",1,"ENSMUSG00000006932","9",120929216,120950635,21420,"+","ENSMUST00000130466","protein_coding","Ctnnb1"
"Ctnnb1","ENSMUSG00000006932",1,"ENSMUSG00000006932","9",120933400,120960507,27108,"+","ENSMUST00000007130","protein_coding","Ctnnb1"
"Ctnnb1","ENSMUSG00000006932",1,"ENSMUSG00000006932","9",120933475,120960506,27032,"+","ENSMUST00000154356","nonsense_mediated_decay","Ctnnb1"
"Ctnnb1","ENSMUSG00000006932",1,"ENSMUSG00000006932","9",120933486,120956447,22962,"+","ENSMUST00000154687","retained_intron","Ctnnb1"
"Ctnnb1","ENSMUSG00000006932",1,"ENSMUSG00000006932","9",120933572,120959780,26209,"+","ENSMUST00000178812","protein_coding","Ctnnb1"
"Ctnnb1","ENSMUSG00000006932",1,"ENSMUSG00000006932","9",120933623,120951710,18088,"+","ENSMUST00000130845","nonsense_mediated_decay","Ctnnb1"
"Ctnnb1","ENSMUSG00000006932",1,"ENSMUSG00000006932","9",120933818,120951293,17476,"+","ENSMUST00000145093","protein_coding","Ctnnb1"
"Ctnnb1","ENSMUSG00000006932",1,"ENSMUSG00000006932","9",120950221,120959517,9297,"+","ENSMUST00000163844","nonsense_mediated_decay","Ctnnb1"
"Ctnnb1","ENSMUSG00000006932",1,"ENSMUSG00000006932","9",120951089,120955399,4311,"+","ENSMUST00000170729","nonsense_mediated_decay","Ctnnb1"
"Ctnnb1","ENSMUSG00000006932",1,"ENSMUSG00000006932","9",120955125,120955841,717,"+","ENSMUST00000126633","retained_intron","Ctnnb1"
"Ctnnb1","ENSMUSG00000006932",1,"ENSMUSG00000006932","9",120955297,120957639,2343,"+","ENSMUST00000156911","retained_intron","Ctnnb1"
"Ctnnb1","ENSMUSG00000006932",1,"ENSMUSG00000006932","9",120955457,120957534,2078,"+","ENSMUST00000169931","protein_coding","Ctnnb1"
"Ctnnb1","ENSMUSG00000006932",1,"ENSMUSG00000006932","9",120955914,120959025,3112,"+","ENSMUST00000133689","protein_coding","Ctnnb1"
"Ctnnb1","ENSMUSG00000006932",1,"ENSMUSG00000006932","9",120956867,120957824,958,"+","ENSMUST00000139138","retained_intron","Ctnnb1"
"Ctnnb1","ENSMUSG00000006932",1,"ENSMUSG00000006932","9",120959216,120960507,1292,"+","ENSMUST00000215573","retained_intron","Ctnnb1"
"Dicer1","ENSMUSG00000041415",1,"ENSMUSG00000041415","12",104687742,104751952,64211,"-","ENSMUST00000041987","protein_coding","Dicer1"
"Dicer1","ENSMUSG00000041415",1,"ENSMUSG00000041415","12",104722084,104738837,16754,"-","ENSMUST00000222002","protein_coding","Dicer1"
"Dicer1","ENSMUSG00000041415",1,"ENSMUSG00000041415","12",104721757,104730164,8408,"-","ENSMUST00000221293","retained_intron","Dicer1"
"Dicer1","ENSMUSG00000041415",1,"ENSMUSG00000041415","12",104691428,104722052,30625,"-","ENSMUST00000222528","processed_transcript","Dicer1"
"Dicer1","ENSMUSG00000041415",1,"ENSMUSG00000041415","12",104691443,104700502,9060,"-","ENSMUST00000222115","retained_intron","Dicer1"
"Dicer1","ENSMUSG00000041415",1,"ENSMUSG00000041415","12",104697346,104700502,3157,"-","ENSMUST00000222519","processed_transcript","Dicer1"
"Fgfr2","ENSMUSG00000030849",1,"ENSMUSG00000030849","7",130162451,133123350,2960900,"-","ENSMUST00000124096","protein_coding","Fgfr2"
"Fgfr2","ENSMUSG00000030849",1,"ENSMUSG00000030849","7",130162451,130266263,103813,"-","ENSMUST00000120187","protein_coding","Fgfr2"
"Fgfr2","ENSMUSG00000030849",1,"ENSMUSG00000030849","7",130262275,130266255,3981,"-","ENSMUST00000208844","retained_intron","Fgfr2"
"Fgfr2","ENSMUSG00000030849",1,"ENSMUSG00000030849","7",130162512,130266245,103734,"-","ENSMUST00000153166","nonsense_mediated_decay","Fgfr2"
"Fgfr2","ENSMUSG00000030849",1,"ENSMUSG00000030849","7",130162512,130266245,103734,"-","ENSMUST00000117872","protein_coding","Fgfr2"
"Fgfr2","ENSMUSG00000030849",1,"ENSMUSG00000030849","7",130163709,130266191,102483,"-","ENSMUST00000122054","protein_coding","Fgfr2"
"Fgfr2","ENSMUSG00000030849",1,"ENSMUSG00000030849","7",130241029,130263975,22947,"-","ENSMUST00000129103","retained_intron","Fgfr2"
"Fgfr2","ENSMUSG00000030849",1,"ENSMUSG00000030849","7",130163959,130261857,97899,"-","ENSMUST00000121064","protein_coding","Fgfr2"
"Fgfr2","ENSMUSG00000030849",1,"ENSMUSG00000030849","7",130163959,130261857,97899,"-","ENSMUST00000117754","protein_coding","Fgfr2"
"Fgfr2","ENSMUSG00000030849",1,"ENSMUSG00000030849","7",130163959,130261857,97899,"-","ENSMUST00000120715","protein_coding","Fgfr2"
"Fgfr2","ENSMUSG00000030849",1,"ENSMUSG00000030849","7",130163959,130261857,97899,"-","ENSMUST00000119260","protein_coding","Fgfr2"
"Fgfr2","ENSMUSG00000030849",1,"ENSMUSG00000030849","7",130163959,130261857,97899,"-","ENSMUST00000117089","protein_coding","Fgfr2"
"Fgfr2","ENSMUSG00000030849",1,"ENSMUSG00000030849","7",130163959,130261857,97899,"-","ENSMUST00000117691","protein_coding","Fgfr2"
"Fgfr2","ENSMUSG00000030849",1,"ENSMUSG00000030849","7",130163959,130261857,97899,"-","ENSMUST00000117858","protein_coding","Fgfr2"
"Fgfr2","ENSMUSG00000030849",1,"ENSMUSG00000030849","7",130163959,130261857,97899,"-","ENSMUST00000120141","protein_coding","Fgfr2"
"Fgfr2","ENSMUSG00000030849",1,"ENSMUSG00000030849","7",130163959,130261857,97899,"-","ENSMUST00000117357","protein_coding","Fgfr2"
"Fgfr2","ENSMUSG00000030849",1,"ENSMUSG00000030849","7",130163959,130261857,97899,"-","ENSMUST00000122448","protein_coding","Fgfr2"
"Fgfr2","ENSMUSG00000030849",1,"ENSMUSG00000030849","7",130163959,130261857,97899,"-","ENSMUST00000118296","protein_coding","Fgfr2"
"Fgfr2","ENSMUSG00000030849",1,"ENSMUSG00000030849","7",130163959,130261857,97899,"-","ENSMUST00000121080","protein_coding","Fgfr2"
"Fgfr2","ENSMUSG00000030849",1,"ENSMUSG00000030849","7",130163959,130261857,97899,"-","ENSMUST00000117073","protein_coding","Fgfr2"
"Fgfr2","ENSMUSG00000030849",1,"ENSMUSG00000030849","7",130199807,130228756,28950,"-","ENSMUST00000127091","nonsense_mediated_decay","Fgfr2"
"Fgfr2","ENSMUSG00000030849",1,"ENSMUSG00000030849","7",130180471,130196845,16375,"-","ENSMUST00000133806","retained_intron","Fgfr2"
"Fgfr2","ENSMUSG00000030849",1,"ENSMUSG00000030849","7",130184911,130196357,11447,"-","ENSMUST00000148675","retained_intron","Fgfr2"
"Fgfr2","ENSMUSG00000030849",1,"ENSMUSG00000030849","7",130177780,130182778,4999,"-","ENSMUST00000147859","retained_intron","Fgfr2"
"Fgfr2","ENSMUSG00000030849",1,"ENSMUSG00000030849","7",130169742,130178064,8323,"-","ENSMUST00000129542","retained_intron","Fgfr2"
"Fgfr2","ENSMUSG00000030849",1,"ENSMUSG00000030849","7",130163808,130171914,8107,"-","ENSMUST00000136264","retained_intron","Fgfr2"
"Fgfr2","ENSMUSG00000030849",1,"ENSMUSG00000030849","7",130163608,130167884,4277,"-","ENSMUST00000130557","retained_intron","Fgfr2"
"Inhba","ENSMUSG00000041324",1,"ENSMUSG00000041324","13",16011851,16031621,19771,"+","ENSMUST00000042603","protein_coding","Inhba"
"Inhba","ENSMUSG00000041324",1,"ENSMUSG00000041324","13",16014475,16027211,12737,"+","ENSMUST00000164993","protein_coding","Inhba"
"Lef1","ENSMUSG00000027985",1,"ENSMUSG00000027985","3",131110471,131224356,113886,"+","ENSMUST00000029611","protein_coding","Lef1"
"Lef1","ENSMUSG00000027985",1,"ENSMUSG00000027985","3",131110471,131224356,113886,"+","ENSMUST00000106341","protein_coding","Lef1"
"Lef1","ENSMUSG00000027985",1,"ENSMUSG00000027985","3",131110471,131224356,113886,"+","ENSMUST00000066849","protein_coding","Lef1"
"Lef1","ENSMUSG00000027985",1,"ENSMUSG00000027985","3",131112797,131117387,4591,"+","ENSMUST00000136147","retained_intron","Lef1"
"Lef1","ENSMUSG00000027985",1,"ENSMUSG00000027985","3",131112797,131224356,111560,"+","ENSMUST00000098611","protein_coding","Lef1"
"Lef1","ENSMUSG00000027985",1,"ENSMUSG00000027985","3",131112806,131188082,75277,"+","ENSMUST00000132737","retained_intron","Lef1"
"Lef1","ENSMUSG00000027985",1,"ENSMUSG00000027985","3",131113814,131184744,70931,"+","ENSMUST00000200166","retained_intron","Lef1"
"Lef1","ENSMUSG00000027985",1,"ENSMUSG00000027985","3",131113856,131204262,90407,"+","ENSMUST00000198624","processed_transcript","Lef1"
"Msx1","ENSMUSG00000048450",1,"ENSMUSG00000048450","5",37820485,37824583,4099,"-","ENSMUST00000063116","protein_coding","Msx1"
"Msx1","ENSMUSG00000048450",1,"ENSMUSG00000048450","5",37822703,37824582,1880,"-","ENSMUST00000183013","retained_intron","Msx1"
"Pax9","ENSMUSG00000001497",1,"ENSMUSG00000001497","12",56691767,56712707,20941,"+","ENSMUST00000153250","protein_coding","Pax9"
"Pax9","ENSMUSG00000001497",1,"ENSMUSG00000001497","12",56695639,56712822,17184,"+","ENSMUST00000001538","protein_coding","Pax9"
"Pax9","ENSMUSG00000001497",1,"ENSMUSG00000001497","12",56695729,56710346,14618,"+","ENSMUST00000152848","retained_intron","Pax9"
"Pitx2","ENSMUSG00000028023",1,"ENSMUSG00000028023","3",129199878,129219590,19713,"+","ENSMUST00000174661","protein_coding","Pitx2"
"Pitx2","ENSMUSG00000028023",1,"ENSMUSG00000028023","3",129199922,129219578,19657,"+","ENSMUST00000029657","protein_coding","Pitx2"
"Pitx2","ENSMUSG00000028023",1,"ENSMUSG00000028023","3",129199926,129219591,19666,"+","ENSMUST00000106382","protein_coding","Pitx2"
"Pitx2","ENSMUSG00000028023",1,"ENSMUSG00000028023","3",129199969,129204577,4609,"+","ENSMUST00000173645","protein_coding","Pitx2"
"Pitx2","ENSMUSG00000028023",1,"ENSMUSG00000028023","3",129203947,129218897,14951,"+","ENSMUST00000172645","protein_coding","Pitx2"
"Pitx2","ENSMUSG00000028023",1,"ENSMUSG00000028023","3",129213932,129216774,2843,"+","ENSMUST00000187145","retained_intron","Pitx2"
"Pitx2","ENSMUSG00000028023",1,"ENSMUSG00000028023","3",129213972,129219588,5617,"+","ENSMUST00000042587","protein_coding","Pitx2"
"Pitx2","ENSMUSG00000028023",1,"ENSMUSG00000028023","3",129214275,129216624,2350,"+","ENSMUST00000174623","protein_coding","Pitx2"
"Runx2","ENSMUSG00000039153",1,"ENSMUSG00000039153","17",44608001,44814797,206797,"-","ENSMUST00000113568","nonsense_mediated_decay","Runx2"
"Runx2","ENSMUSG00000039153",1,"ENSMUSG00000039153","17",44604001,44814797,210797,"-","ENSMUST00000113571","protein_coding","Runx2"
"Runx2","ENSMUSG00000039153",1,"ENSMUSG00000039153","17",44607905,44814627,206723,"-","ENSMUST00000160673","protein_coding","Runx2"
"Runx2","ENSMUSG00000039153",1,"ENSMUSG00000039153","17",44813906,44814627,722,"-","ENSMUST00000161489","retained_intron","Runx2"
"Runx2","ENSMUSG00000039153",1,"ENSMUSG00000039153","17",44607531,44814581,207051,"-","ENSMUST00000159943","protein_coding","Runx2"
"Runx2","ENSMUSG00000039153",1,"ENSMUSG00000039153","17",44639777,44814264,174488,"-","ENSMUST00000160672","nonsense_mediated_decay","Runx2"
"Runx2","ENSMUSG00000039153",1,"ENSMUSG00000039153","17",44496486,44814226,317741,"-","ENSMUST00000238400","protein_coding","Runx2"
"Runx2","ENSMUSG00000039153",1,"ENSMUSG00000039153","17",44607819,44814226,206408,"-","ENSMUST00000162629","protein_coding","Runx2"
"Runx2","ENSMUSG00000039153",1,"ENSMUSG00000039153","17",44604001,44736648,132648,"-","ENSMUST00000113572","protein_coding","Runx2"
"Runx2","ENSMUSG00000039153",1,"ENSMUSG00000039153","17",44495987,44736176,240190,"-","ENSMUST00000162816","nonsense_mediated_decay","Runx2"
"Runx2","ENSMUSG00000039153",1,"ENSMUSG00000039153","17",44606260,44735710,129451,"-","ENSMUST00000162878","protein_coding","Runx2"
"Runx2","ENSMUSG00000039153",1,"ENSMUSG00000039153","17",44607819,44735634,127816,"-","ENSMUST00000162373","protein_coding","Runx2"
"Runx2","ENSMUSG00000039153",1,"ENSMUSG00000039153","17",44608315,44735366,127052,"-","ENSMUST00000162130","protein_coding","Runx2"
"Runx2","ENSMUSG00000039153",1,"ENSMUSG00000039153","17",44639681,44734693,95013,"-","ENSMUST00000160199","protein_coding","Runx2"
"Shh","ENSMUSG00000002633",1,"ENSMUSG00000002633","5",28456815,28467256,10442,"-","ENSMUST00000002708","protein_coding","Shh"
"Trp63","ENSMUSG00000022510",1,"ENSMUSG00000022510","16",25683763,25821318,137556,"+","ENSMUST00000115307","protein_coding","Trp63"
"Trp63","ENSMUSG00000022510",1,"ENSMUSG00000022510","16",25683765,25892102,208338,"+","ENSMUST00000115310","protein_coding","Trp63"
"Trp63","ENSMUSG00000022510",1,"ENSMUSG00000022510","16",25683765,25877144,193380,"+","ENSMUST00000115308","protein_coding","Trp63"
"Trp63","ENSMUSG00000022510",1,"ENSMUSG00000022510","16",25683765,25892087,208323,"+","ENSMUST00000065523","protein_coding","Trp63"
"Trp63","ENSMUSG00000022510",1,"ENSMUSG00000022510","16",25801916,25867854,65939,"+","ENSMUST00000115304","protein_coding","Trp63"
"Trp63","ENSMUSG00000022510",1,"ENSMUSG00000022510","16",25801916,25877144,75229,"+","ENSMUST00000115305","protein_coding","Trp63"
"Trp63","ENSMUSG00000022510",1,"ENSMUSG00000022510","16",25801916,25892102,90187,"+","ENSMUST00000040231","protein_coding","Trp63"
"Trp63","ENSMUSG00000022510",1,"ENSMUSG00000022510","16",25801916,25892102,90187,"+","ENSMUST00000115306","protein_coding","Trp63"
"Apc","ENSMUSG00000005871",1,"ENSMUSG00000005871","18",34220924,34313506,92583,"+","ENSMUST00000171187","protein_coding","Apc"
"Apc","ENSMUSG00000005871",1,"ENSMUSG00000005871","18",34220984,34322552,101569,"+","ENSMUST00000079362","protein_coding","Apc"
"Apc","ENSMUSG00000005871",1,"ENSMUSG00000005871","18",34220984,34322189,101206,"+","ENSMUST00000115781","protein_coding","Apc"
"Apc","ENSMUSG00000005871",1,"ENSMUSG00000005871","18",34221013,34300202,79190,"+","ENSMUST00000170023","retained_intron","Apc"
"Apc","ENSMUSG00000005871",1,"ENSMUSG00000005871","18",34221252,34276591,55340,"+","ENSMUST00000163295","nonsense_mediated_decay","Apc"
"Apc","ENSMUSG00000005871",1,"ENSMUSG00000005871","18",34247694,34263695,16002,"+","ENSMUST00000170195","retained_intron","Apc"
"Apc","ENSMUSG00000005871",1,"ENSMUSG00000005871","18",34247698,34290345,42648,"+","ENSMUST00000066133","protein_coding","Apc"
"Apc","ENSMUSG00000005871",1,"ENSMUSG00000005871","18",34299966,34314326,14361,"+","ENSMUST00000165590","nonsense_mediated_decay","Apc"
"Apc","ENSMUSG00000005871",1,"ENSMUSG00000005871","18",34301261,34310737,9477,"+","ENSMUST00000167136","processed_transcript","Apc"
"Barx1","ENSMUSG00000021381",1,"ENSMUSG00000021381","13",48662998,48666507,3510,"+","ENSMUST00000021813","protein_coding","Barx1"
"Bcl11b","ENSMUSG00000048251",1,"ENSMUSG00000048251","12",107910403,108003602,93200,"-","ENSMUST00000066060","protein_coding","Bcl11b"
"Bcl11b","ENSMUSG00000048251",1,"ENSMUSG00000048251","12",107915222,108003414,88193,"-","ENSMUST00000109887","protein_coding","Bcl11b"
"Bcl11b","ENSMUSG00000048251",1,"ENSMUSG00000048251","12",107915222,108003414,88193,"-","ENSMUST00000109891","protein_coding","Bcl11b"
"Bmp2","ENSMUSG00000027358",1,"ENSMUSG00000027358","2",133552159,133562885,10727,"+","ENSMUST00000028836","protein_coding","Bmp2"
"Bmp7","ENSMUSG00000008999",1,"ENSMUSG00000008999","2",172868012,172940321,72310,"-","ENSMUST00000009143","protein_coding","Bmp7"
"Bmp7","ENSMUSG00000008999",1,"ENSMUSG00000008999","2",172916118,172940092,23975,"-","ENSMUST00000137247","retained_intron","Bmp7"
"Chuk","ENSMUSG00000025199",1,"ENSMUSG00000025199","19",44073335,44107480,34146,"-","ENSMUST00000026217","protein_coding","Chuk"
"Chuk","ENSMUSG00000025199",1,"ENSMUSG00000025199","19",44073336,44107477,34142,"-","ENSMUST00000119591","protein_coding","Chuk"
"Chuk","ENSMUSG00000025199",1,"ENSMUSG00000025199","19",44081415,44107469,26055,"-","ENSMUST00000147423","retained_intron","Chuk"
"Chuk","ENSMUSG00000025199",1,"ENSMUSG00000025199","19",44097197,44107282,10086,"-","ENSMUST00000146861","retained_intron","Chuk"
"Chuk","ENSMUSG00000025199",1,"ENSMUSG00000025199","19",44077245,44084450,7206,"-","ENSMUST00000134495","retained_intron","Chuk"
"Chuk","ENSMUSG00000025199",1,"ENSMUSG00000025199","19",44078290,44079282,993,"-","ENSMUST00000144286","retained_intron","Chuk"
"Chuk","ENSMUSG00000025199",1,"ENSMUSG00000025199","19",44076938,44079035,2098,"-","ENSMUST00000123806","retained_intron","Chuk"
"Chuk","ENSMUSG00000025199",1,"ENSMUSG00000025199","19",44074373,44075904,1532,"-","ENSMUST00000149091","retained_intron","Chuk"
"Eda","ENSMUSG00000059327",1,"ENSMUSG00000059327","X",99975606,100400760,425155,"+","ENSMUST00000113779","protein_coding","Eda"
"Eda","ENSMUSG00000059327",1,"ENSMUSG00000059327","X",99975606,100400760,425155,"+","ENSMUST00000113776","protein_coding","Eda"
"Eda","ENSMUSG00000059327",1,"ENSMUSG00000059327","X",99975606,100400760,425155,"+","ENSMUST00000113775","protein_coding","Eda"
"Eda","ENSMUSG00000059327",1,"ENSMUSG00000059327","X",99975606,100400762,425157,"+","ENSMUST00000113780","protein_coding","Eda"
"Eda","ENSMUSG00000059327",1,"ENSMUSG00000059327","X",99975606,100400762,425157,"+","ENSMUST00000113778","protein_coding","Eda"
"Eda","ENSMUSG00000059327",1,"ENSMUSG00000059327","X",99975606,100400759,425154,"+","ENSMUST00000113781","protein_coding","Eda"
"Eda","ENSMUSG00000059327",1,"ENSMUSG00000059327","X",99975606,100311299,335694,"+","ENSMUST00000134582","retained_intron","Eda"
"Eda","ENSMUSG00000059327",1,"ENSMUSG00000059327","X",99975606,100400759,425154,"+","ENSMUST00000113783","protein_coding","Eda"
"Eda","ENSMUSG00000059327",1,"ENSMUSG00000059327","X",99975781,100395812,420032,"+","ENSMUST00000113777","protein_coding","Eda"
"Eda","ENSMUSG00000059327",1,"ENSMUSG00000059327","X",99975781,100397156,421376,"+","ENSMUST00000071453","protein_coding","Eda"
"Eda","ENSMUSG00000059327",1,"ENSMUSG00000059327","X",100385143,100394438,9296,"+","ENSMUST00000145063","processed_transcript","Eda"
"Eda","ENSMUSG00000059327",1,"ENSMUSG00000059327","X",100387255,100395036,7782,"+","ENSMUST00000123547","processed_transcript","Eda"
"Edar","ENSMUSG00000003227",1,"ENSMUSG00000003227","10",58600789,58675654,74866,"-","ENSMUST00000003312","protein_coding","Edar"
"Edaradd","ENSMUSG00000095105",1,"ENSMUSG00000095105","13",12472632,12520438,47807,"-","ENSMUST00000179308","protein_coding","Edaradd"
"Evc","ENSMUSG00000029122",1,"ENSMUSG00000029122","5",37299171,37336894,37724,"-","ENSMUST00000031005","protein_coding","Evc"
"Evc","ENSMUSG00000029122",1,"ENSMUSG00000029122","5",37319191,37336878,17688,"-","ENSMUST00000133376","retained_intron","Evc"
"Evc","ENSMUSG00000029122",1,"ENSMUSG00000029122","5",37313269,37336866,23598,"-","ENSMUST00000114148","protein_coding","Evc"
"Evc","ENSMUSG00000029122",1,"ENSMUSG00000029122","5",37289098,37333566,44469,"-","ENSMUST00000114154","protein_coding","Evc"
"Evc","ENSMUSG00000029122",1,"ENSMUSG00000029122","5",37316216,37318491,2276,"-","ENSMUST00000124426","retained_intron","Evc"
"Evc","ENSMUSG00000029122",1,"ENSMUSG00000029122","5",37314565,37318372,3808,"-","ENSMUST00000154885","retained_intron","Evc"
"Evc","ENSMUSG00000029122",1,"ENSMUSG00000029122","5",37300439,37312364,11926,"-","ENSMUST00000149890","retained_intron","Evc"
"Evc","ENSMUSG00000029122",1,"ENSMUSG00000029122","5",37299722,37307229,7508,"-","ENSMUST00000146568","protein_coding","Evc"
"Evc","ENSMUSG00000029122",1,"ENSMUSG00000029122","5",37300484,37301613,1130,"-","ENSMUST00000139550","protein_coding","Evc"
"Fgf10","ENSMUSG00000021732",1,"ENSMUSG00000021732","13",118669791,118789334,119544,"+","ENSMUST00000128103","processed_transcript","Fgf10"
"Fgf10","ENSMUSG00000021732",1,"ENSMUSG00000021732","13",118669824,118781577,111754,"+","ENSMUST00000146674","processed_transcript","Fgf10"
"Fgf10","ENSMUSG00000021732",1,"ENSMUSG00000021732","13",118714699,118792115,77417,"+","ENSMUST00000022246","protein_coding","Fgf10"
"Fgf20","ENSMUSG00000031603",1,"ENSMUSG00000031603","8",40279725,40308331,28607,"-","ENSMUST00000118639","protein_coding","Fgf20"
"Fgf20","ENSMUSG00000031603",1,"ENSMUSG00000031603","8",40279166,40286953,7788,"-","ENSMUST00000034014","protein_coding","Fgf20"
"Fgf3","ENSMUSG00000031074",1,"ENSMUSG00000031074","7",144838083,144842719,4637,"+","ENSMUST00000155320","protein_coding","Fgf3"
"Fgf3","ENSMUSG00000031074",1,"ENSMUSG00000031074","7",144838595,144844436,5842,"+","ENSMUST00000105898","protein_coding","Fgf3"
"Foxi3","ENSMUSG00000055874",1,"ENSMUSG00000055874","6",70956531,70961063,4533,"+","ENSMUST00000163089","protein_coding","Foxi3"
"Foxi3","ENSMUSG00000055874",1,"ENSMUSG00000055874","6",70956606,70961066,4461,"+","ENSMUST00000069634","protein_coding","Foxi3"
"Fst","ENSMUSG00000021765",1,"ENSMUSG00000021765","13",114452290,114458951,6662,"-","ENSMUST00000223640","protein_coding","Fst"
"Fst","ENSMUSG00000021765",1,"ENSMUSG00000021765","13",114452970,114458949,5980,"-","ENSMUST00000022287","protein_coding","Fst"
"Fst","ENSMUSG00000021765",1,"ENSMUSG00000021765","13",114453342,114458586,5245,"-","ENSMUST00000231252","protein_coding","Fst"
"Fst","ENSMUSG00000021765",1,"ENSMUSG00000021765","13",114453316,114456236,2921,"-","ENSMUST00000231498","retained_intron","Fst"
"Fst","ENSMUSG00000021765",1,"ENSMUSG00000021765","13",114453709,114455210,1502,"-","ENSMUST00000225068","protein_coding","Fst"
"Fst","ENSMUSG00000021765",1,"ENSMUSG00000021765","13",114453105,114454551,1447,"-","ENSMUST00000223865","retained_intron","Fst"
"Gas1","ENSMUSG00000052957",1,"ENSMUSG00000052957","13",60174405,60177365,2961,"-","ENSMUST00000065086","protein_coding","Gas1"
"Gas1","ENSMUSG00000052957",1,"ENSMUSG00000052957","13",60175787,60176941,1155,"-","ENSMUST00000223933","protein_coding","Gas1"
"Jag2","ENSMUSG00000002799",1,"ENSMUSG00000002799","12",112907819,112929776,21958,"-","ENSMUST00000075827","protein_coding","Jag2"
"Jag2","ENSMUSG00000002799",1,"ENSMUSG00000002799","12",112921837,112928448,6612,"-","ENSMUST00000222402","processed_transcript","Jag2"
"Jag2","ENSMUSG00000002799",1,"ENSMUSG00000002799","12",112915669,112917319,1651,"-","ENSMUST00000220771","processed_transcript","Jag2"
"Jag2","ENSMUSG00000002799",1,"ENSMUSG00000002799","12",112915933,112916834,902,"-","ENSMUST00000221320","retained_intron","Jag2"
"Jag2","ENSMUSG00000002799",1,"ENSMUSG00000002799","12",112914490,112916400,1911,"-","ENSMUST00000221647","retained_intron","Jag2"
"Jag2","ENSMUSG00000002799",1,"ENSMUSG00000002799","12",112914382,112915993,1612,"-","ENSMUST00000221696","retained_intron","Jag2"
"Jag2","ENSMUSG00000002799",1,"ENSMUSG00000002799","12",112913705,112915957,2253,"-","ENSMUST00000223140","protein_coding","Jag2"
"Jag2","ENSMUSG00000002799",1,"ENSMUSG00000002799","12",112912938,112913692,755,"-","ENSMUST00000220855","retained_intron","Jag2"
"Jag2","ENSMUSG00000002799",1,"ENSMUSG00000002799","12",112910455,112913180,2726,"-","ENSMUST00000221454","processed_transcript","Jag2"
"Jag2","ENSMUSG00000002799",1,"ENSMUSG00000002799","12",112909277,112910368,1092,"-","ENSMUST00000223304","retained_intron","Jag2"
"Lrp4","ENSMUSG00000027253",1,"ENSMUSG00000027253","2",91457511,91513779,56269,"+","ENSMUST00000028689","protein_coding","Lrp4"
"Lrp4","ENSMUSG00000027253",1,"ENSMUSG00000027253","2",91457511,91479287,21777,"+","ENSMUST00000143874","processed_transcript","Lrp4"
"Lrp4","ENSMUSG00000027253",1,"ENSMUSG00000027253","2",91476256,91480871,4616,"+","ENSMUST00000123897","processed_transcript","Lrp4"
"Lrp4","ENSMUSG00000027253",1,"ENSMUSG00000027253","2",91476319,91478842,2524,"+","ENSMUST00000151907","processed_transcript","Lrp4"
"Msx2","ENSMUSG00000021469",1,"ENSMUSG00000021469","13",53466884,53473074,6191,"-","ENSMUST00000021922","protein_coding","Msx2"
"Msx2","ENSMUSG00000021469",1,"ENSMUSG00000021469","13",53471506,53473074,1569,"-","ENSMUST00000188606","retained_intron","Msx2"
"Pdgfra","ENSMUSG00000029231",1,"ENSMUSG00000029231","5",75152292,75183517,31226,"+","ENSMUST00000202681","protein_coding","Pdgfra"
"Pdgfra","ENSMUSG00000029231",1,"ENSMUSG00000029231","5",75152306,75198215,45910,"+","ENSMUST00000000476","protein_coding","Pdgfra"
"Pdgfra","ENSMUSG00000029231",1,"ENSMUSG00000029231","5",75152352,75175150,22799,"+","ENSMUST00000202186","non_stop_decay","Pdgfra"
"Pdgfra","ENSMUSG00000029231",1,"ENSMUSG00000029231","5",75152935,75184131,31197,"+","ENSMUST00000201711","protein_coding","Pdgfra"
"Pdgfra","ENSMUSG00000029231",1,"ENSMUSG00000029231","5",75153586,75162720,9135,"+","ENSMUST00000201241","retained_intron","Pdgfra"
"Pdgfra","ENSMUSG00000029231",1,"ENSMUSG00000029231","5",75155076,75163749,8674,"+","ENSMUST00000202161","protein_coding","Pdgfra"
"Pdgfra","ENSMUSG00000029231",1,"ENSMUSG00000029231","5",75155899,75198201,42303,"+","ENSMUST00000168162","protein_coding","Pdgfra"
"Pdgfra","ENSMUSG00000029231",1,"ENSMUSG00000029231","5",75156833,75166560,9728,"+","ENSMUST00000202992","protein_coding","Pdgfra"
"Pdgfra","ENSMUSG00000029231",1,"ENSMUSG00000029231","5",75161834,75167937,6104,"+","ENSMUST00000200822","protein_coding","Pdgfra"
"Rps6ka3","ENSMUSG00000031309",1,"ENSMUSG00000031309","X",159210307,159364502,154196,"+","ENSMUST00000112493","protein_coding","Rps6ka3"
"Rps6ka3","ENSMUSG00000031309",1,"ENSMUSG00000031309","X",159255782,159311525,55744,"+","ENSMUST00000126686","protein_coding","Rps6ka3"
"Rps6ka3","ENSMUSG00000031309",1,"ENSMUSG00000031309","X",159255858,159368244,112387,"+","ENSMUST00000033671","protein_coding","Rps6ka3"
"Rps6ka3","ENSMUSG00000031309",1,"ENSMUSG00000031309","X",159255925,159328374,72450,"+","ENSMUST00000112492","protein_coding","Rps6ka3"
"Rps6ka3","ENSMUSG00000031309",1,"ENSMUSG00000031309","X",159256126,159328464,72339,"+","ENSMUST00000148570","protein_coding","Rps6ka3"
"Rps6ka3","ENSMUSG00000031309",1,"ENSMUSG00000031309","X",159276276,159326872,50597,"+","ENSMUST00000156648","protein_coding","Rps6ka3"
"Rps6ka3","ENSMUSG00000031309",1,"ENSMUSG00000031309","X",159303281,159330877,27597,"+","ENSMUST00000112491","protein_coding","Rps6ka3"
"Rps6ka3","ENSMUSG00000031309",1,"ENSMUSG00000031309","X",159362321,159363505,1185,"+","ENSMUST00000142668","processed_transcript","Rps6ka3"
"Rps6ka3","ENSMUSG00000031309",1,"ENSMUSG00000031309","X",159362406,159363740,1335,"+","ENSMUST00000149939","retained_intron","Rps6ka3"
"Smo","ENSMUSG00000001761",1,"ENSMUSG00000001761","6",29735503,29738004,2502,"+","ENSMUST00000201515","retained_intron","Smo"
"Smo","ENSMUSG00000001761",1,"ENSMUSG00000001761","6",29735694,29761365,25672,"+","ENSMUST00000001812","protein_coding","Smo"
"Sostdc1","ENSMUSG00000036169",1,"ENSMUSG00000036169","12",36314139,36318452,4314,"+","ENSMUST00000041407","protein_coding","Sostdc1"
"Sp6","ENSMUSG00000038560",1,"ENSMUSG00000038560","11",97013394,97024734,11341,"+","ENSMUST00000047997","protein_coding","Sp6"
"Sp6","ENSMUSG00000038560",1,"ENSMUSG00000038560","11",97018733,97024731,5999,"+","ENSMUST00000107622","protein_coding","Sp6"
"Spry2","ENSMUSG00000022114",1,"ENSMUSG00000022114","14",105891947,105896819,4873,"-","ENSMUST00000022709","protein_coding","Spry2"
"Spry4","ENSMUSG00000024427",1,"ENSMUSG00000024427","18",38586247,38601415,15169,"-","ENSMUST00000025295","protein_coding","Spry4"
"Wnt10a","ENSMUSG00000026167",1,"ENSMUSG00000026167","1",74791516,74804179,12664,"+","ENSMUST00000006718","protein_coding","Wnt10a"
"Wnt10a","ENSMUSG00000026167",1,"ENSMUSG00000026167","1",74793363,74803495,10133,"+","ENSMUST00000187238","protein_coding","Wnt10a"
"Yap1","ENSMUSG00000053110",1,"ENSMUSG00000053110","9",7931999,8004596,72598,"-","ENSMUST00000065353","protein_coding","Yap1"
"Yap1","ENSMUSG00000053110",1,"ENSMUSG00000053110","9",7996908,8004596,7689,"-","ENSMUST00000174300","retained_intron","Yap1"
"Yap1","ENSMUSG00000053110",1,"ENSMUSG00000053110","9",7931999,8004588,72590,"-","ENSMUST00000086580","protein_coding","Yap1"
"Yap1","ENSMUSG00000053110",1,"ENSMUSG00000053110","9",7934497,8004390,69894,"-","ENSMUST00000173264","nonsense_mediated_decay","Yap1"
"Yap1","ENSMUSG00000053110",1,"ENSMUSG00000053110","9",7934497,8004390,69894,"-","ENSMUST00000173085","nonsense_mediated_decay","Yap1"
"Yap1","ENSMUSG00000053110",1,"ENSMUSG00000053110","9",7934497,8004390,69894,"-","ENSMUST00000174577","nonsense_mediated_decay","Yap1"
"Yap1","ENSMUSG00000053110",1,"ENSMUSG00000053110","9",7973838,8003775,29938,"-","ENSMUST00000172870","processed_transcript","Yap1"
"Yap1","ENSMUSG00000053110",1,"ENSMUSG00000053110","9",7973796,8003757,29962,"-","ENSMUST00000173227","processed_transcript","Yap1"
"Yap1","ENSMUSG00000053110",1,"ENSMUSG00000053110","9",7934497,8001703,67207,"-","ENSMUST00000174604","protein_coding","Yap1"
"Yap1","ENSMUSG00000053110",1,"ENSMUSG00000053110","9",7962308,7965821,3514,"-","ENSMUST00000174127","processed_transcript","Yap1"
"Alpl","ENSMUSG00000028766",1,"ENSMUSG00000028766","4",137741733,137796384,54652,"-","ENSMUST00000030551","protein_coding","Alpl"
"Alpl","ENSMUSG00000028766",1,"ENSMUSG00000028766","4",137755630,137796230,40601,"-","ENSMUST00000138463","processed_transcript","Alpl"
"Alpl","ENSMUSG00000028766",1,"ENSMUSG00000028766","4",137755086,137785371,30286,"-","ENSMUST00000133473","protein_coding","Alpl"
"Alpl","ENSMUSG00000028766",1,"ENSMUSG00000028766","4",137753867,137782191,28325,"-","ENSMUST00000153588","protein_coding","Alpl"
"Alpl","ENSMUSG00000028766",1,"ENSMUSG00000028766","4",137758676,137769820,11145,"-","ENSMUST00000143757","processed_transcript","Alpl"
"Alpl","ENSMUSG00000028766",1,"ENSMUSG00000028766","4",137758676,137769615,10940,"-","ENSMUST00000133566","processed_transcript","Alpl"
"Alpl","ENSMUSG00000028766",1,"ENSMUSG00000028766","4",137752552,137766475,13924,"-","ENSMUST00000139951","protein_coding","Alpl"
"Alpl","ENSMUSG00000028766",1,"ENSMUSG00000028766","4",137746420,137747147,728,"-","ENSMUST00000141451","processed_transcript","Alpl"
"Ambn","ENSMUSG00000029288",1,"ENSMUSG00000029288","5",88455991,88468182,12192,"+","ENSMUST00000198265","protein_coding","Ambn"
"Ambn","ENSMUSG00000029288",1,"ENSMUSG00000029288","5",88456011,88468531,12521,"+","ENSMUST00000031226","protein_coding","Ambn"
"Amelx","ENSMUSG00000031354",1,"ENSMUSG00000031354","X",169176114,169187200,11087,"-","ENSMUST00000066112","protein_coding","Amelx"
"Amelx","ENSMUSG00000031354",1,"ENSMUSG00000031354","X",169180022,169187200,7179,"-","ENSMUST00000112118","protein_coding","Amelx"
"Amelx","ENSMUSG00000031354",1,"ENSMUSG00000031354","X",169180022,169187200,7179,"-","ENSMUST00000112120","protein_coding","Amelx"
"Amelx","ENSMUSG00000031354",1,"ENSMUSG00000031354","X",169180022,169187200,7179,"-","ENSMUST00000112119","protein_coding","Amelx"
"Amelx","ENSMUSG00000031354",1,"ENSMUSG00000031354","X",169180022,169187200,7179,"-","ENSMUST00000154923","processed_transcript","Amelx"
"Amtn","ENSMUSG00000029282",1,"ENSMUSG00000029282","5",88376108,88385916,9809,"+","ENSMUST00000073363","protein_coding","Amtn"
"Bmi1","ENSMUSG00000026739",1,"ENSMUSG00000026739","2",18677018,18686629,9612,"+","ENSMUST00000028071","protein_coding","Bmi1"
"Bmi1","ENSMUSG00000026739",1,"ENSMUSG00000026739","2",18677280,18682365,5086,"+","ENSMUST00000132014","processed_transcript","Bmi1"
"Bmi1","ENSMUSG00000026739",1,"ENSMUSG00000026739","2",18677807,18683676,5870,"+","ENSMUST00000150834","protein_coding","Bmi1"
"Bmi1","ENSMUSG00000026739",1,"ENSMUSG00000026739","2",18680372,18686130,5759,"+","ENSMUST00000051929","protein_coding","Bmi1"
"Bmi1","ENSMUSG00000026739",1,"ENSMUSG00000026739","2",18680374,18684013,3640,"+","ENSMUST00000156284","protein_coding","Bmi1"
"Bmi1","ENSMUSG00000026739",1,"ENSMUSG00000026739","2",18680994,18683030,2037,"+","ENSMUST00000134734","protein_coding","Bmi1"
"Bmi1","ENSMUSG00000026739",1,"ENSMUSG00000026739","2",18681107,18682856,1750,"+","ENSMUST00000147365","protein_coding","Bmi1"
"Dmp1","ENSMUSG00000029307",1,"ENSMUSG00000029307","5",104202613,104214102,11490,"+","ENSMUST00000066708","protein_coding","Dmp1"
"Dspp","ENSMUSG00000053268",1,"ENSMUSG00000053268","5",104170712,104180127,9416,"+","ENSMUST00000112771","protein_coding","Dspp"
"Enam","ENSMUSG00000029286",1,"ENSMUSG00000029286","5",88487975,88504730,16756,"+","ENSMUST00000199104","protein_coding","Enam"
"Enam","ENSMUSG00000029286",1,"ENSMUSG00000029286","5",88487982,88506049,18068,"+","ENSMUST00000031222","protein_coding","Enam"
"Evc2","ENSMUSG00000050248",1,"ENSMUSG00000050248","5",37338499,37425055,86557,"+","ENSMUST00000056365","protein_coding","Evc2"
"Evc2","ENSMUSG00000050248",1,"ENSMUSG00000050248","5",37338608,37387764,49157,"+","ENSMUST00000101258","retained_intron","Evc2"
"Evc2","ENSMUSG00000050248",1,"ENSMUSG00000050248","5",37389904,37392022,2119,"+","ENSMUST00000159915","processed_transcript","Evc2"
"Evc2","ENSMUSG00000050248",1,"ENSMUSG00000050248","5",37415859,37417915,2057,"+","ENSMUST00000159854","retained_intron","Evc2"
"Fam20a","ENSMUSG00000020614",1,"ENSMUSG00000020614","11",109669749,109722279,52531,"-","ENSMUST00000155559","nonsense_mediated_decay","Fam20a"
"Fam20a","ENSMUSG00000020614",1,"ENSMUSG00000020614","11",109672926,109722256,49331,"-","ENSMUST00000020938","protein_coding","Fam20a"
"Fam20a","ENSMUSG00000020614",1,"ENSMUSG00000020614","11",109674639,109682979,8341,"-","ENSMUST00000144972","retained_intron","Fam20a"
"Fam20a","ENSMUSG00000020614",1,"ENSMUSG00000020614","11",109673474,109676422,2949,"-","ENSMUST00000146408","retained_intron","Fam20a"
"Fam20c","ENSMUSG00000025854",1,"ENSMUSG00000025854","5",138754514,138810077,55564,"+","ENSMUST00000026972","protein_coding","Fam20c"
"Fam20c","ENSMUSG00000025854",1,"ENSMUSG00000025854","5",138755083,138809381,54299,"+","ENSMUST00000160645","nonsense_mediated_decay","Fam20c"
"Fam20c","ENSMUSG00000025854",1,"ENSMUSG00000025854","5",138755087,138758849,3763,"+","ENSMUST00000197027","retained_intron","Fam20c"
"Fam20c","ENSMUSG00000025854",1,"ENSMUSG00000025854","5",138786500,138809159,22660,"+","ENSMUST00000159176","processed_transcript","Fam20c"
"Fam20c","ENSMUSG00000025854",1,"ENSMUSG00000025854","5",138788774,138807339,18566,"+","ENSMUST00000160988","processed_transcript","Fam20c"
"Fam20c","ENSMUSG00000025854",1,"ENSMUSG00000025854","5",138807190,138809405,2216,"+","ENSMUST00000161641","retained_intron","Fam20c"
"Fgfr1","ENSMUSG00000031565",1,"ENSMUSG00000031565","8",25513654,25555568,41915,"+","ENSMUST00000155564","protein_coding","Fgfr1"
"Fgfr1","ENSMUSG00000031565",1,"ENSMUSG00000031565","8",25518759,25575718,56960,"+","ENSMUST00000084027","protein_coding","Fgfr1"
"Fgfr1","ENSMUSG00000031565",1,"ENSMUSG00000031565","8",25518772,25575714,56943,"+","ENSMUST00000179592","protein_coding","Fgfr1"
"Fgfr1","ENSMUSG00000031565",1,"ENSMUSG00000031565","8",25518772,25575714,56943,"+","ENSMUST00000178276","protein_coding","Fgfr1"
"Fgfr1","ENSMUSG00000031565",1,"ENSMUSG00000031565","8",25518789,25574779,55991,"+","ENSMUST00000119398","protein_coding","Fgfr1"
"Fgfr1","ENSMUSG00000031565",1,"ENSMUSG00000031565","8",25518795,25574781,55987,"+","ENSMUST00000117179","protein_coding","Fgfr1"
"Fgfr1","ENSMUSG00000031565",1,"ENSMUSG00000031565","8",25518895,25555658,36764,"+","ENSMUST00000148322","processed_transcript","Fgfr1"
"Fgfr1","ENSMUSG00000031565",1,"ENSMUSG00000031565","8",25519344,25558227,38884,"+","ENSMUST00000210778","processed_transcript","Fgfr1"
"Fgfr1","ENSMUSG00000031565",1,"ENSMUSG00000031565","8",25519837,25555729,35893,"+","ENSMUST00000124228","protein_coding","Fgfr1"
"Fgfr1","ENSMUSG00000031565",1,"ENSMUSG00000031565","8",25532125,25555676,23552,"+","ENSMUST00000210846","protein_coding","Fgfr1"
"Fgfr1","ENSMUSG00000031565",1,"ENSMUSG00000031565","8",25532281,25574577,42297,"+","ENSMUST00000167764","protein_coding","Fgfr1"
"Fgfr1","ENSMUSG00000031565",1,"ENSMUSG00000031565","8",25555617,25572441,16825,"+","ENSMUST00000138104","nonsense_mediated_decay","Fgfr1"
"Fgfr1","ENSMUSG00000031565",1,"ENSMUSG00000031565","8",25558074,25563714,5641,"+","ENSMUST00000138455","nonsense_mediated_decay","Fgfr1"
"Fgfr1","ENSMUSG00000031565",1,"ENSMUSG00000031565","8",25563405,25574785,11381,"+","ENSMUST00000126118","retained_intron","Fgfr1"
"Fgfr1","ENSMUSG00000031565",1,"ENSMUSG00000031565","8",25566000,25569323,3324,"+","ENSMUST00000210504","retained_intron","Fgfr1"
"Fgfr1","ENSMUSG00000031565",1,"ENSMUSG00000031565","8",25566850,25574784,7935,"+","ENSMUST00000120106","retained_intron","Fgfr1"
"Fgfr1","ENSMUSG00000031565",1,"ENSMUSG00000031565","8",25566866,25568297,1432,"+","ENSMUST00000211419","processed_transcript","Fgfr1"
"Fgfr1","ENSMUSG00000031565",1,"ENSMUSG00000031565","8",25569486,25572395,2910,"+","ENSMUST00000145218","retained_intron","Fgfr1"
"Fgfr1","ENSMUSG00000031565",1,"ENSMUSG00000031565","8",25569723,25572457,2735,"+","ENSMUST00000133936","retained_intron","Fgfr1"
"Gdnf","ENSMUSG00000022144",1,"ENSMUSG00000022144","15",7810846,7837575,26730,"+","ENSMUST00000022744","protein_coding","Gdnf"
"Grem2","ENSMUSG00000050069",1,"ENSMUSG00000050069","1",174833785,174921819,88035,"-","ENSMUST00000055294","protein_coding","Grem2"
"Klk4","ENSMUSG00000006948",1,"ENSMUSG00000006948","7",43881160,43885804,4645,"+","ENSMUST00000007161","protein_coding","Klk4"
"Lama3","ENSMUSG00000024421",1,"ENSMUSG00000024421","18",12333819,12583013,249195,"+","ENSMUST00000092070","protein_coding","Lama3"
"Lama3","ENSMUSG00000024421",1,"ENSMUSG00000024421","18",12504199,12583013,78815,"+","ENSMUST00000188815","protein_coding","Lama3"
"Mmp14","ENSMUSG00000000957",1,"ENSMUSG00000000957","14",54431612,54441265,9654,"+","ENSMUST00000089688","protein_coding","Mmp14"
"Mmp14","ENSMUSG00000000957",1,"ENSMUSG00000000957","14",54431623,54436188,4566,"+","ENSMUST00000197874","nonsense_mediated_decay","Mmp14"
"Mmp14","ENSMUSG00000000957",1,"ENSMUSG00000000957","14",54431633,54445364,13732,"+","ENSMUST00000225641","protein_coding","Mmp14"
"Mmp14","ENSMUSG00000000957",1,"ENSMUSG00000000957","14",54431664,54436160,4497,"+","ENSMUST00000197947","retained_intron","Mmp14"
"Mmp14","ENSMUSG00000000957",1,"ENSMUSG00000000957","14",54431718,54433265,1548,"+","ENSMUST00000198679","retained_intron","Mmp14"
"Mmp14","ENSMUSG00000000957",1,"ENSMUSG00000000957","14",54432436,54435872,3437,"+","ENSMUST00000196155","protein_coding","Mmp14"
"Mmp14","ENSMUSG00000000957",1,"ENSMUSG00000000957","14",54438592,54440479,1888,"+","ENSMUST00000226710","retained_intron","Mmp14"
"Mmp20","ENSMUSG00000018620",1,"ENSMUSG00000018620","9",7628231,7674979,46749,"+","ENSMUST00000034487","protein_coding","Mmp20"
"Mtor","ENSMUSG00000028991",1,"ENSMUSG00000028991","4",148448611,148454969,6359,"+","ENSMUST00000123566","retained_intron","Mtor"
"Mtor","ENSMUSG00000028991",1,"ENSMUSG00000028991","4",148448611,148557683,109073,"+","ENSMUST00000103221","protein_coding","Mtor"
"Mtor","ENSMUSG00000028991",1,"ENSMUSG00000028991","4",148448625,148454973,6349,"+","ENSMUST00000057580","protein_coding","Mtor"
"Mtor","ENSMUSG00000028991",1,"ENSMUSG00000028991","4",148544413,148547788,3376,"+","ENSMUST00000129715","retained_intron","Mtor"
"Nectin1","ENSMUSG00000032012",1,"ENSMUSG00000032012","9",43743984,43807461,63478,"+","ENSMUST00000034510","protein_coding","Nectin1"
"Nectin1","ENSMUSG00000032012",1,"ENSMUSG00000032012","9",43744644,43832522,87879,"+","ENSMUST00000239313","protein_coding","Nectin1"
"Nectin1","ENSMUSG00000032012",1,"ENSMUSG00000032012","9",43794121,43805875,11755,"+","ENSMUST00000216893","protein_coding","Nectin1"
"Nectin1","ENSMUSG00000032012",1,"ENSMUSG00000032012","9",43820947,43831400,10454,"+","ENSMUST00000216905","processed_transcript","Nectin1"
"Nectin1","ENSMUSG00000032012",1,"ENSMUSG00000032012","9",43829831,43832658,2828,"+","ENSMUST00000180221","retained_intron","Nectin1"
"Perp","ENSMUSG00000019851",1,"ENSMUSG00000019851","10",18845020,18857073,12054,"+","ENSMUST00000019998","protein_coding","Perp"
"Pkd2","ENSMUSG00000034462",1,"ENSMUSG00000034462","5",104459450,104505819,46370,"+","ENSMUST00000086831","protein_coding","Pkd2"
"Pkd2","ENSMUSG00000034462",1,"ENSMUSG00000034462","5",104459570,104490320,30751,"+","ENSMUST00000130931","processed_transcript","Pkd2"
"Pkd2","ENSMUSG00000034462",1,"ENSMUSG00000034462","5",104492771,104501349,8579,"+","ENSMUST00000133540","retained_intron","Pkd2"
"Postn","ENSMUSG00000027750",1,"ENSMUSG00000027750","3",54361109,54391034,29926,"+","ENSMUST00000117373","protein_coding","Postn"
"Postn","ENSMUSG00000027750",1,"ENSMUSG00000027750","3",54361109,54391037,29929,"+","ENSMUST00000107985","protein_coding","Postn"
"Postn","ENSMUSG00000027750",1,"ENSMUSG00000027750","3",54361125,54391034,29910,"+","ENSMUST00000073012","protein_coding","Postn"
"Postn","ENSMUSG00000027750",1,"ENSMUSG00000027750","3",54361143,54390452,29310,"+","ENSMUST00000081564","protein_coding","Postn"
"Postn","ENSMUSG00000027750",1,"ENSMUSG00000027750","3",54377560,54390647,13088,"+","ENSMUST00000143258","protein_coding","Postn"
"Postn","ENSMUSG00000027750",1,"ENSMUSG00000027750","3",54378484,54384712,6229,"+","ENSMUST00000145036","retained_intron","Postn"
"Postn","ENSMUSG00000027750",1,"ENSMUSG00000027750","3",54383107,54390487,7381,"+","ENSMUST00000154157","retained_intron","Postn"
"Postn","ENSMUSG00000027750",1,"ENSMUSG00000027750","3",54383109,54390582,7474,"+","ENSMUST00000127452","retained_intron","Postn"
"Postn","ENSMUSG00000027750",1,"ENSMUSG00000027750","3",54388889,54390393,1505,"+","ENSMUST00000150868","retained_intron","Postn"
"Slc13a5","ENSMUSG00000020805",1,"ENSMUSG00000020805","11",72260091,72267222,7132,"-","ENSMUST00000207990","retained_intron","Slc13a5"
"Slc13a5","ENSMUSG00000020805",1,"ENSMUSG00000020805","11",72241989,72266659,24671,"-","ENSMUST00000021161","protein_coding","Slc13a5"
"Slc13a5","ENSMUSG00000020805",1,"ENSMUSG00000020805","11",72243388,72266613,23226,"-","ENSMUST00000137701","protein_coding","Slc13a5"
"Slc13a5","ENSMUSG00000020805",1,"ENSMUSG00000020805","11",72259067,72266602,7536,"-","ENSMUST00000140167","protein_coding","Slc13a5"
"Slc13a5","ENSMUSG00000020805",1,"ENSMUSG00000020805","11",72242090,72266593,24504,"-","ENSMUST00000208056","protein_coding","Slc13a5"
"Slc13a5","ENSMUSG00000020805",1,"ENSMUSG00000020805","11",72243372,72266593,23222,"-","ENSMUST00000208912","protein_coding","Slc13a5"
"Slc39a13","ENSMUSG00000002105",1,"ENSMUSG00000002105","2",91061791,91070417,8627,"-","ENSMUST00000073575","protein_coding","Slc39a13"
"Slc39a13","ENSMUSG00000002105",1,"ENSMUSG00000002105","2",91063405,91070298,6894,"-","ENSMUST00000123685","processed_transcript","Slc39a13"
"Slc39a13","ENSMUSG00000002105",1,"ENSMUSG00000002105","2",91062874,91070283,7410,"-","ENSMUST00000111436","protein_coding","Slc39a13"
"Slc39a13","ENSMUSG00000002105",1,"ENSMUSG00000002105","2",91065581,91070239,4659,"-","ENSMUST00000130252","processed_transcript","Slc39a13"
"Slc39a13","ENSMUSG00000002105",1,"ENSMUSG00000002105","2",91069118,91070239,1122,"-","ENSMUST00000133047","processed_transcript","Slc39a13"
"Slc39a13","ENSMUSG00000002105",1,"ENSMUSG00000002105","2",91061791,91070229,8439,"-","ENSMUST00000079976","protein_coding","Slc39a13"
"Slc39a13","ENSMUSG00000002105",1,"ENSMUSG00000002105","2",91066046,91070187,4142,"-","ENSMUST00000153367","protein_coding","Slc39a13"
"Slc39a13","ENSMUSG00000002105",1,"ENSMUSG00000002105","2",91068431,91068871,441,"-","ENSMUST00000142943","processed_transcript","Slc39a13"
"Slc39a13","ENSMUSG00000002105",1,"ENSMUSG00000002105","2",91064641,91066176,1536,"-","ENSMUST00000150348","processed_transcript","Slc39a13"
"Slc39a13","ENSMUSG00000002105",1,"ENSMUSG00000002105","2",91063122,91065446,2325,"-","ENSMUST00000149430","processed_transcript","Slc39a13"
"Slc39a13","ENSMUSG00000002105",1,"ENSMUSG00000002105","2",91063125,91064386,1262,"-","ENSMUST00000141328","processed_transcript","Slc39a13"
"Sp3","ENSMUSG00000027109",1,"ENSMUSG00000027109","2",72936427,72980446,44020,"-","ENSMUST00000102689","protein_coding","Sp3"
"Sp3","ENSMUSG00000027109",1,"ENSMUSG00000027109","2",72936648,72980426,43779,"-","ENSMUST00000066003","protein_coding","Sp3"
"Sp3","ENSMUSG00000027109",1,"ENSMUSG00000027109","2",72936652,72979286,42635,"-","ENSMUST00000133615","processed_transcript","Sp3"
"Sp3","ENSMUSG00000027109",1,"ENSMUSG00000027109","2",72946396,72970466,24071,"-","ENSMUST00000141372","processed_transcript","Sp3"
"Sp3","ENSMUSG00000027109",1,"ENSMUSG00000027109","2",72938280,72941084,2805,"-","ENSMUST00000129565","processed_transcript","Sp3"
"Sppl2a","ENSMUSG00000027366",1,"ENSMUSG00000027366","2",126890391,126933235,42845,"-","ENSMUST00000028844","protein_coding","Sppl2a"
"Sppl2a","ENSMUSG00000027366",1,"ENSMUSG00000027366","2",126914874,126923688,8815,"-","ENSMUST00000125592","retained_intron","Sppl2a"
"Sppl2a","ENSMUSG00000027366",1,"ENSMUSG00000027366","2",126894264,126920345,26082,"-","ENSMUST00000143700","protein_coding","Sppl2a"
"Acvr2b","ENSMUSG00000061393",1,"ENSMUSG00000061393","9",119402118,119433515,31398,"+","ENSMUST00000165044","protein_coding","Acvr2b"
"Acvr2b","ENSMUSG00000061393",1,"ENSMUSG00000061393","9",119402444,119434995,32552,"+","ENSMUST00000215746","protein_coding","Acvr2b"
"Acvr2b","ENSMUSG00000061393",1,"ENSMUSG00000061393","9",119402444,119433501,31058,"+","ENSMUST00000035093","protein_coding","Acvr2b"
"Acvr2b","ENSMUSG00000061393",1,"ENSMUSG00000061393","9",119430346,119433034,2689,"+","ENSMUST00000217621","retained_intron","Acvr2b"
"Acvr2b","ENSMUSG00000061393",1,"ENSMUSG00000061393","9",119432410,119433461,1052,"+","ENSMUST00000213389","retained_intron","Acvr2b"
"Acvr2b","ENSMUSG00000061393",1,"ENSMUSG00000061393","9",119432438,119433374,937,"+","ENSMUST00000213431","retained_intron","Acvr2b"
"Dlx1","ENSMUSG00000041911",1,"ENSMUSG00000041911","2",71528113,71533980,5868,"+","ENSMUST00000037119","protein_coding","Dlx1"
"Dlx1","ENSMUSG00000041911",1,"ENSMUSG00000041911","2",71528683,71530065,1383,"+","ENSMUST00000126400","protein_coding","Dlx1"
"Dlx1","ENSMUSG00000041911",1,"ENSMUSG00000041911","2",71529101,71530231,1131,"+","ENSMUST00000152711","protein_coding","Dlx1"
"Dlx1","ENSMUSG00000041911",1,"ENSMUSG00000041911","2",71529853,71532519,2667,"+","ENSMUST00000145444","nonsense_mediated_decay","Dlx1"
"Dlx1","ENSMUSG00000041911",1,"ENSMUSG00000041911","2",71529947,71533981,4035,"+","ENSMUST00000145088","retained_intron","Dlx1"
"Dlx1","ENSMUSG00000041911",1,"ENSMUSG00000041911","2",71530780,71532689,1910,"+","ENSMUST00000172629","retained_intron","Dlx1"
"Dlx2","ENSMUSG00000023391",1,"ENSMUSG00000023391","2",71543408,71546754,3347,"-","ENSMUST00000024159","protein_coding","Dlx2"
"Dlx2","ENSMUSG00000023391",1,"ENSMUSG00000023391","2",71544866,71545950,1085,"-","ENSMUST00000134249","retained_intron","Dlx2"
"Dlx3","ENSMUSG00000001510",1,"ENSMUSG00000001510","11",95120119,95125296,5178,"+","ENSMUST00000092768","protein_coding","Dlx3"
"Dlx4","ENSMUSG00000020871",1,"ENSMUSG00000020871","11",95140447,95146263,5817,"-","ENSMUST00000021241","protein_coding","Dlx4"
"Dlx4","ENSMUSG00000020871",1,"ENSMUSG00000020871","11",95143627,95145801,2175,"-","ENSMUST00000146838","processed_transcript","Dlx4"
"Dlx5","ENSMUSG00000029755",1,"ENSMUSG00000029755","6",6877805,6882085,4281,"-","ENSMUST00000052609","protein_coding","Dlx5"
"Dlx5","ENSMUSG00000029755",1,"ENSMUSG00000029755","6",6880692,6882082,1391,"-","ENSMUST00000204014","retained_intron","Dlx5"
"Dlx5","ENSMUSG00000029755",1,"ENSMUSG00000029755","6",6877805,6882068,4264,"-","ENSMUST00000142635","protein_coding","Dlx5"
"Dlx6","ENSMUSG00000029754",1,"ENSMUSG00000029754","6",6863334,6868568,5235,"+","ENSMUST00000160937","protein_coding","Dlx6"
"Dlx6","ENSMUSG00000029754",1,"ENSMUSG00000029754","6",6863334,6867970,4637,"+","ENSMUST00000171311","protein_coding","Dlx6"
"Dlx6","ENSMUSG00000029754",1,"ENSMUSG00000029754","6",6863797,6867967,4171,"+","ENSMUST00000031768","protein_coding","Dlx6"
"Dlx6","ENSMUSG00000029754",1,"ENSMUSG00000029754","6",6863798,6865430,1633,"+","ENSMUST00000172943","retained_intron","Dlx6"
"Gli2","ENSMUSG00000048402",1,"ENSMUSG00000048402","1",118834132,119053619,219488,"-","ENSMUST00000062483","protein_coding","Gli2"
"Gli2","ENSMUSG00000048402",1,"ENSMUSG00000048402","1",118848460,119053339,204880,"-","ENSMUST00000161301","protein_coding","Gli2"
"Gli2","ENSMUSG00000048402",1,"ENSMUSG00000048402","1",118848460,119053339,204880,"-","ENSMUST00000162552","nonsense_mediated_decay","Gli2"
"Gli2","ENSMUSG00000048402",1,"ENSMUSG00000048402","1",118848460,119053339,204880,"-","ENSMUST00000161056","nonsense_mediated_decay","Gli2"
"Gli2","ENSMUSG00000048402",1,"ENSMUSG00000048402","1",118848460,119053339,204880,"-","ENSMUST00000160991","nonsense_mediated_decay","Gli2"
"Gli2","ENSMUSG00000048402",1,"ENSMUSG00000048402","1",118848460,119053339,204880,"-","ENSMUST00000159839","nonsense_mediated_decay","Gli2"
"Gli2","ENSMUSG00000048402",1,"ENSMUSG00000048402","1",118848462,119053339,204878,"-","ENSMUST00000161451","protein_coding","Gli2"
"Gli2","ENSMUSG00000048402",1,"ENSMUSG00000048402","1",118848462,119053339,204878,"-","ENSMUST00000162607","protein_coding","Gli2"
"Gli2","ENSMUSG00000048402",1,"ENSMUSG00000048402","1",118868042,118982588,114547,"-","ENSMUST00000159678","processed_transcript","Gli2"
"Gli3","ENSMUSG00000021318",1,"ENSMUSG00000021318","13",15463235,15715091,251857,"+","ENSMUST00000130065","protein_coding","Gli3"
"Gli3","ENSMUSG00000021318",1,"ENSMUSG00000021318","13",15463251,15641270,178020,"+","ENSMUST00000141194","protein_coding","Gli3"
"Gli3","ENSMUSG00000021318",1,"ENSMUSG00000021318","13",15463723,15663518,199796,"+","ENSMUST00000130535","retained_intron","Gli3"
"Gli3","ENSMUSG00000021318",1,"ENSMUSG00000021318","13",15463980,15730026,266047,"+","ENSMUST00000110510","protein_coding","Gli3"
"Lhx6","ENSMUSG00000026890",1,"ENSMUSG00000026890","2",36081953,36105408,23456,"-","ENSMUST00000112967","protein_coding","Lhx6"
"Lhx6","ENSMUSG00000026890",1,"ENSMUSG00000026890","2",36081954,36105408,23455,"-","ENSMUST00000112963","protein_coding","Lhx6"
"Lhx6","ENSMUSG00000026890",1,"ENSMUSG00000026890","2",36081953,36105271,23319,"-","ENSMUST00000112960","protein_coding","Lhx6"
"Lhx6","ENSMUSG00000026890",1,"ENSMUSG00000026890","2",36101323,36105255,3933,"-","ENSMUST00000137436","processed_transcript","Lhx6"
"Lhx6","ENSMUSG00000026890",1,"ENSMUSG00000026890","2",36083687,36104891,21205,"-","ENSMUST00000148852","protein_coding","Lhx6"
"Lhx6","ENSMUSG00000026890",1,"ENSMUSG00000026890","2",36081953,36104060,22108,"-","ENSMUST00000112961","protein_coding","Lhx6"
"Lhx6","ENSMUSG00000026890",1,"ENSMUSG00000026890","2",36081953,36104060,22108,"-","ENSMUST00000112966","protein_coding","Lhx6"
"Lhx6","ENSMUSG00000026890",1,"ENSMUSG00000026890","2",36094225,36103592,9368,"-","ENSMUST00000187180","retained_intron","Lhx6"
"Lhx6","ENSMUSG00000026890",1,"ENSMUSG00000026890","2",36083684,36094273,10590,"-","ENSMUST00000136821","protein_coding","Lhx6"
"Lhx8","ENSMUSG00000096225",1,"ENSMUSG00000096225","3",154306294,154330659,24366,"-","ENSMUST00000177846","protein_coding","Lhx8"
"Lhx8","ENSMUSG00000096225",1,"ENSMUSG00000096225","3",154306296,154330059,23764,"-","ENSMUST00000205251","protein_coding","Lhx8"
"Lhx8","ENSMUSG00000096225",1,"ENSMUSG00000096225","3",154322257,154328634,6378,"-","ENSMUST00000204403","protein_coding","Lhx8"
"Lhx8","ENSMUSG00000096225",1,"ENSMUSG00000096225","3",154306978,154328166,21189,"-","ENSMUST00000204171","nonsense_mediated_decay","Lhx8"
"Lhx8","ENSMUSG00000096225",1,"ENSMUSG00000096225","3",154316743,154324883,8141,"-","ENSMUST00000203692","retained_intron","Lhx8"
"Csf1","ENSMUSG00000014599",1,"ENSMUSG00000014599","3",107741048,107760469,19422,"-","ENSMUST00000014743","protein_coding","Csf1"
"Csf1","ENSMUSG00000014599",1,"ENSMUSG00000014599","3",107745595,107760242,14648,"-","ENSMUST00000120243","protein_coding","Csf1"
"Csf1","ENSMUSG00000014599",1,"ENSMUSG00000014599","3",107747733,107760242,12510,"-","ENSMUST00000155557","retained_intron","Csf1"
"Csf1","ENSMUSG00000014599",1,"ENSMUSG00000014599","3",107741048,107760236,19189,"-","ENSMUST00000118593","protein_coding","Csf1"
"Csf1","ENSMUSG00000014599",1,"ENSMUSG00000014599","3",107750380,107760221,9842,"-","ENSMUST00000153114","protein_coding","Csf1"
"Csf1","ENSMUSG00000014599",1,"ENSMUSG00000014599","3",107743014,107750979,7966,"-","ENSMUST00000120654","protein_coding","Csf1"
"Csf1","ENSMUSG00000014599",1,"ENSMUSG00000014599","3",107748542,107750741,2200,"-","ENSMUST00000156820","protein_coding","Csf1"
"Fos","ENSMUSG00000021250",1,"ENSMUSG00000021250","12",85473890,85477273,3384,"+","ENSMUST00000021674","protein_coding","Fos"
"Fos","ENSMUSG00000021250",1,"ENSMUSG00000021250","12",85474691,85476185,1495,"+","ENSMUST00000140525","processed_transcript","Fos"
"Fos","ENSMUSG00000021250",1,"ENSMUSG00000021250","12",85474691,85476007,1317,"+","ENSMUST00000136122","processed_transcript","Fos"
"Fos","ENSMUSG00000021250",1,"ENSMUSG00000021250","12",85474911,85476063,1153,"+","ENSMUST00000134311","processed_transcript","Fos"
"Ostm1","ENSMUSG00000038280",1,"ENSMUSG00000038280","10",42583822,42584731,910,"+","ENSMUST00000147899","processed_transcript","Ostm1"
"Ostm1","ENSMUSG00000038280",1,"ENSMUSG00000038280","10",42583835,42698323,114489,"+","ENSMUST00000105497","protein_coding","Ostm1"
"Ostm1","ENSMUSG00000038280",1,"ENSMUSG00000038280","10",42583838,42700492,116655,"+","ENSMUST00000144806","protein_coding","Ostm1"
"Ostm1","ENSMUSG00000038280",1,"ENSMUSG00000038280","10",42678916,42702459,23544,"+","ENSMUST00000040718","protein_coding","Ostm1"
"Ostm1","ENSMUSG00000038280",1,"ENSMUSG00000038280","10",42678966,42699991,21026,"+","ENSMUST00000154048","retained_intron","Ostm1"
"Pthlh","ENSMUSG00000048776",1,"ENSMUSG00000048776","6",147252109,147264183,12075,"-","ENSMUST00000204197","protein_coding","Pthlh"
"Pthlh","ENSMUSG00000048776",1,"ENSMUSG00000048776","6",147252101,147264167,12067,"-","ENSMUST00000052296","protein_coding","Pthlh"
"Tcirg1","ENSMUSG00000001750",1,"ENSMUSG00000001750","19",3896050,3907133,11084,"-","ENSMUST00000001801","protein_coding","Tcirg1"
"Tcirg1","ENSMUSG00000001750",1,"ENSMUSG00000001750","19",3896050,3907112,11063,"-","ENSMUST00000135070","nonsense_mediated_decay","Tcirg1"
"Tcirg1","ENSMUSG00000001750",1,"ENSMUSG00000001750","19",3902494,3907040,4547,"-","ENSMUST00000125792","retained_intron","Tcirg1"
"Tcirg1","ENSMUSG00000001750",1,"ENSMUSG00000001750","19",3896050,3906991,10942,"-","ENSMUST00000126070","protein_coding","Tcirg1"
"Tcirg1","ENSMUSG00000001750",1,"ENSMUSG00000001750","19",3904217,3906240,2024,"-","ENSMUST00000236590","protein_coding","Tcirg1"
"Tcirg1","ENSMUSG00000001750",1,"ENSMUSG00000001750","19",3896050,3905230,9181,"-","ENSMUST00000145791","protein_coding","Tcirg1"
"Tcirg1","ENSMUSG00000001750",1,"ENSMUSG00000001750","19",3902694,3904421,1728,"-","ENSMUST00000127308","retained_intron","Tcirg1"
"Tcirg1","ENSMUSG00000001750",1,"ENSMUSG00000001750","19",3898736,3903355,4620,"-","ENSMUST00000132164","nonsense_mediated_decay","Tcirg1"
"Tcirg1","ENSMUSG00000001750",1,"ENSMUSG00000001750","19",3902243,3903246,1004,"-","ENSMUST00000159824","retained_intron","Tcirg1"
"Tcirg1","ENSMUSG00000001750",1,"ENSMUSG00000001750","19",3896050,3903072,7023,"-","ENSMUST00000131327","retained_intron","Tcirg1"
"Tcirg1","ENSMUSG00000001750",1,"ENSMUSG00000001750","19",3896270,3902023,5754,"-","ENSMUST00000122885","nonsense_mediated_decay","Tcirg1"
"Tcirg1","ENSMUSG00000001750",1,"ENSMUSG00000001750","19",3898207,3898853,647,"-","ENSMUST00000126643","retained_intron","Tcirg1"
"Tcirg1","ENSMUSG00000001750",1,"ENSMUSG00000001750","19",3897071,3897831,761,"-","ENSMUST00000134698","retained_intron","Tcirg1"
"Tcirg1","ENSMUSG00000001750",1,"ENSMUSG00000001750","19",3896400,3897230,831,"-","ENSMUST00000162688","retained_intron","Tcirg1"
"Traf6","ENSMUSG00000027164",1,"ENSMUSG00000027164","2",101678429,101686235,7807,"+","ENSMUST00000143341","processed_transcript","Traf6"
"Traf6","ENSMUSG00000027164",1,"ENSMUSG00000027164","2",101678440,101701669,23230,"+","ENSMUST00000004949","protein_coding","Traf6"
"Traf6","ENSMUSG00000027164",1,"ENSMUSG00000027164","2",101684215,101690085,5871,"+","ENSMUST00000144063","processed_transcript","Traf6"
